{
     "Storage_Array_Name": "OBJPLSTORE1 (HP P2000 G3)",
     "Controller_Firmware_Version":
     [
         {
           "Controller": "A",
           "Revision": "TS252P001",
	   "VerifyLink":"http://h20564.www2.hpe.com/hpsc/swd/public/detail?sp4ts.oid=4118572&swItemId=MTX_474cd8362e0e4ffea414bd8d50&swEnvOid=4064#tab-history"
         },
         {
           "Controller": "B",
           "Revision": "TS252P001",
	   "VerifyLink":"http://h20564.www2.hpe.com/hpsc/swd/public/detail?sp4ts.oid=4118572&swItemId=MTX_474cd8362e0e4ffea414bd8d50&swEnvOid=4064#tab-history"
         }
     ],
     "Disk_Drives_Firmware_Version":
     [
         {
	   "Slot": "1.1",
           "DiskDriveModel": "EG0900FCSPN",
           "Revision": "HPD0"
         },
         {
	   "Slot": "1.2",
           "DiskDriveModel": "EG0900FCVBL",
           "Revision": "HPD3"
         },         
	 {
	   "Slot": "1.3",
           "DiskDriveModel": "EG0900FCVBL",
           "Revision": "HPD9"
         },       
	 {
	   "Slot": "1.4",
           "DiskDriveModel": "EG0900FCVBL",
           "Revision": "HPD9"
         },
	 {
	   "Slot": "1.5",
           "DiskDriveModel": "EG0900FCVBL",
           "Revision": "HPD9"
         },
	 {
	   "Slot": "1.6",
           "DiskDriveModel": "EG0900FCVBL",
           "Revision": "HPD9"
         },
	 {
	   "Slot": "1.7",
           "DiskDriveModel": "EG0900FCVBL",
           "Revision": "HPD9"
         },
	 {
	   "Slot": "1.8",
           "DiskDriveModel": "EG0900FCVBL",
           "Revision": "HPD9"
         },
	 {
	   "Slot": "1.9",
           "DiskDriveModel": "EG0900FCVBL",
           "Revision": "HPD9"
         },
	 {
	   "Slot": "1.10",
           "DiskDriveModel": "EG0900FCVBL",
           "Revision": "HPD9"
         },
	 {
	   "Slot": "1.11",
           "DiskDriveModel": "EG0900FCVBL",
           "Revision": "HPD9"
         },
	 {
	   "Slot": "1.12",
           "DiskDriveModel": "EG0900FCVBL",
           "Revision": "HPD9"
         },
	 {
	   "Slot": "1.13",
           "DiskDriveModel": "EG0900FBLSK",
           "Revision": "HPD8"
         },	 
	 {
	   "Slot": "1.14",
           "DiskDriveModel": "EG0900FCVBL",
           "Revision": "HPD9"
         },
         {
	   "Slot": "1.15",
           "DiskDriveModel": "EG0900FCSPN",
           "Revision": "HPD0"
         },
	 {
	   "Slot": "1.16",
           "DiskDriveModel": "EG0900FBVFQ",
           "Revision": "HPDE"
         },
         {
	   "Slot": "1.17",
           "DiskDriveModel": "EG0900FCSPN",
           "Revision": "HPD0"
         },
         {
	   "Slot": "1.18",
           "DiskDriveModel": "EG0900FCSPN",
           "Revision": "HPD0"
         },
	 {
	   "Slot": "1.19",
           "DiskDriveModel": "EG0900FCVBL",
           "Revision": "HPD9"
         },
	 {
	   "Slot": "1.20",
           "DiskDriveModel": "EG0900FCVBL",
           "Revision": "HPD9"
         },
	 {
	   "Slot": "1.21",
           "DiskDriveModel": "EG0900FCVBL",
           "Revision": "HPD9"
         },
	 {
	   "Slot": "1.22",
           "DiskDriveModel": "EG0900FCVBL",
           "Revision": "HPD9"
         }
     ]
 }