{
     "Storage_Array_Name": "OBJPLSTORE3 (HP MSA 2040)",
     "Controller_Firmware_Version":
     [
         {
           "Controller": "A",
           "Revision": "GL220P008",
	   "VerifyLink":"http://h20564.www2.hpe.com/hpsc/swd/public/detail?sp4ts.oid=5386657&swItemId=MTX_35cfd686b89b4d10b0baff32f3&swEnvOid=4064#tab-history"
         },
         {
           "Controller": "B",
           "Revision": "GL220P008",
	   "VerifyLink":"http://h20564.www2.hpe.com/hpsc/swd/public/detail?sp4ts.oid=5386657&swItemId=MTX_35cfd686b89b4d10b0baff32f3&swEnvOid=4064#tab-history"
         }
     ],
     "Disk_Drives_Firmware_Version":
     [
         {
	   "Slot": "1.1",
           "DiskDriveModel": "ST3000NM0023",
           "Revision": "0006"
         },
         {
	   "Slot": "1.2",
           "DiskDriveModel": "ST3000NM0023",
           "Revision": "0006"
         },         
	 {
	   "Slot": "1.3",
           "DiskDriveModel": "HUS724030ALS640",
           "Revision": "A3A0"
         },       
	 {
	   "Slot": "1.4",
           "DiskDriveModel": "HUS724030ALS640",
           "Revision": "A3A0"
         },       
	 {
	   "Slot": "1.5",
           "DiskDriveModel": "HUS724030ALS640",
           "Revision": "A3A0"
         },       
	 {
	   "Slot": "1.6",
           "DiskDriveModel": "HUS724030ALS640",
           "Revision": "A3A0"
         },       
	 {
	   "Slot": "1.7",
           "DiskDriveModel": "HUS724030ALS640",
           "Revision": "A3A0"
         },       
	 {
	   "Slot": "1.8",
           "DiskDriveModel": "HUS724030ALS640",
           "Revision": "A3A0"
         },       
	 {
	   "Slot": "1.9",
           "DiskDriveModel": "HUS724030ALS640",
           "Revision": "A3A0"
         },       
	 {
	   "Slot": "1.10",
           "DiskDriveModel": "HUS724030ALS640",
           "Revision": "A3A0"
         },       
	 {
	   "Slot": "1.11",
           "DiskDriveModel": "HUS724030ALS640",
           "Revision": "A3A0"
         },       
	 {
	   "Slot": "1.12",
           "DiskDriveModel": "HUS724030ALS640",
           "Revision": "A3A0"
         }
     ]
 }